Species Name,Preferred Formula,ΔfH°(0 K),ΔfH°(298.15 K),Uncertainty,Units,Relative Molecular Mass,ATcT_ID,State_ID,smiles
Hydrogen atom,H (g),216.034,52.10277246653919,± 0.000,kcal/mol,1.007940 ± 0.000070,12385-13-6*0,1,[H]
Oxygen atom,O (g),246.844,59.56716061185468,± 0.0021,kcal/mol,15.99940 ± 0.00030,17778-80-2*0,1,[O]
Methane,CH4 (g),-66.543,-17.809034416826005,± 0.043,kcal/mol,16.04246 ± 0.00085,74-82-8*0,1,C
Nitrogen atom,N (g),470.612,112.92423518164436,± 0.030,kcal/mol,14.006740 ± 0.000070,17778-88-0*0,1,[N]
Carbon dioxide,CO2 (g),-393.111,-94.0432600382409,± 0.015,kcal/mol,44.00950 ± 0.00100,124-38-9*0,1,O=C=O
Water,H2O (g),-238.904,-57.79349904397705,± 0.022,kcal/mol,18.01528 ± 0.00033,7732-18-5*0,1,O
Ethane,CH3CH3 (g),-68.4,-20.081261950286805,± 0.12,kcal/mol,30.0690 ± 0.0017,74-84-0*0,1,CC
Chlorine atom,Cl (g),119.621,28.99187380497132,± 0.0011,kcal/mol,35.45270 ± 0.00090,22537-15-1*0,1,[Cl]
Fluorine atom,F (g),77.258,18.96845124282983,± 0.016,kcal/mol,18.99840320 ± 0.00000050,14762-94-8*0,1,[F]
Ethylene,CH2CH2 (g),60.9,12.52151051625239,± 0.11,kcal/mol,28.0532 ± 0.0016,74-85-1*0,1,C=C
Propane,CH3CH2CH3 (g),-82.72,-25.095602294455063,± 0.15,kcal/mol,44.0956 ± 0.0025,74-98-6*0,1,CCC
Methyl,CH3 (g),149.879,35.00932122370937,± 0.049,kcal/mol,15.03452 ± 0.00083,2229-07-4*0,1,[CH3]
Methanol,CH3OH (g),-189.96,-48.00430210325048,± 0.14,kcal/mol,32.04186 ± 0.00090,67-56-1*0,1,CO
Ammonia,NH3 (g),-38.562,-10.887667304015295,± 0.029,kcal/mol,17.03056 ± 0.00022,7664-41-7*0,1,N
Bromine atom,Br (g),117.925,26.73589866156788,± 0.055,kcal/mol,79.90400 ± 0.00100,10097-32-2*0,1,[Br]
Formaldehyde,CH2O (g),-105.382,-26.104923518164437,± 0.094,kcal/mol,30.02598 ± 0.00087,50-00-0*0,1,C=O
Carbon monoxide,CO (g),-113.799,-26.41467495219885,± 0.025,kcal/mol,28.01010 ± 0.00085,630-08-0*0,1,[C-]#[O+]
Acetylene,HCCH (g),228.88,54.5697896749522,± 0.12,kcal/mol,26.0373 ± 0.0016,74-86-2*0,1,C#C
Ethanol,CH3CH2OH (g),-217.18,-56.14244741873805,± 0.20,kcal/mol,46.0684 ± 0.0017,64-17-5*0,1,CCO
Hydrogen chloride,HCl (g),-91.988,-22.029636711281068,± 0.0062,kcal/mol,36.46064 ± 0.00090,7647-01-0*0,1,Cl
Benzene,C6H6 (g),100.69,19.88049713193117,± 0.21,kcal/mol,78.1118 ± 0.0048,71-43-2*0,1,c1ccccc1
Iodine,I (g),107.157,25.515535372848948,± 0.0021,kcal/mol,126.904470 ± 0.000030,14362-44-8*0,1,[I]
Propene,CH3CHCH2 (g),34.9,4.794455066921605,± 0.18,kcal/mol,42.0797 ± 0.0024,115-07-1*0,1,CC=C
Hydrogen fluoride,HF (g),-272.674,-65.18188336520076,± 0.018,kcal/mol,20.006343 ± 0.000070,7664-39-3*0,1,F
Hydrogen cyanide,HCN (g),129.688,30.904158699808796,± 0.087,kcal/mol,27.02538 ± 0.00081,74-90-8*0,1,C#N
Hydrogen bromide,HBr (g),-27.51,-8.451242829827915,± 0.12,kcal/mol,80.9119 ± 0.0010,10035-10-6*0,1,Br
Nitric oxide,NO (g),90.647,21.78561185468451,± 0.066,kcal/mol,30.00614 ± 0.00031,10102-43-9*0,1,N=O
Methylamine,CH3NH2 (g),-6.44,-5.054971319311663,± 0.22,kcal/mol,31.05714 ± 0.00088,74-89-5*0,1,CN
Acetaldehyde,CH3CHO (g),-154.87,-39.53154875717017,± 0.22,kcal/mol,44.0526 ± 0.0017,75-07-0*0,1,CC=O
Propyne,CH3CCH (g),192.72,44.34990439770554,± 0.20,kcal/mol,40.0639 ± 0.0024,74-99-7*0,1,CC#C
Hydroxyde,[OH]- (g),-139.065,-33.22944550669216,± 0.022,kcal/mol,17.00789 ± 0.00031,14280-30-9*0,1,[OH-]
Chloromethane,CH3Cl (g),-74.65,-19.737093690248564,± 0.17,kcal/mol,50.4872 ± 0.0012,74-87-3*0,1,CCl
Dioxidanyl,HOO (g),15.07,2.9063097514340344,± 0.14,kcal/mol,33.00674 ± 0.00060,3170-83-0*0,1,OO
Silicon,Si (g),450.33,108.66634799235182,± 0.56,kcal/mol,28.08550 ± 0.00030,7440-21-3*0,1,[Si]
Hydrogen iodide,HI (g),28.646,6.326720841300191,± 0.036,kcal/mol,127.912410 ± 0.000076,10034-85-2*0,1,I
Allene,CH2CCH2 (g),197.48,45.41586998087954,± 0.22,kcal/mol,40.0639 ± 0.0024,463-49-0*0,1,C=C=C
Nitrogen dioxide,ONO (g),36.886,8.145076481835565,± 0.066,kcal/mol,46.00554 ± 0.00060,10102-44-0*0,1,ON=O
Fluoromethane,CH3F (g),-227.44,-56.278680688336514,± 0.24,kcal/mol,34.03292 ± 0.00083,593-53-3*0,1,CF
n-Butane,CH3CH2CH2CH3 (g),-98.23,-30.007170172084127,± 0.18,kcal/mol,58.1222 ± 0.0033,106-97-8*0,1,CCCC
Toluene,C6H5CH3 (g),73.36,11.967017208413,± 0.31,kcal/mol,92.1384 ± 0.0056,108-88-3*0,1,Cc1ccccc1
Silane,SiH4 (g),42.64,7.8919694072657744,± 0.63,kcal/mol,32.11726 ± 0.00041,7803-62-5*0,1,[SiH4]
"1,3-Butadiene",CH2CHCHCH2 (g),125.63,26.56548757170172,± 0.29,kcal/mol,54.0904 ± 0.0032,106-99-0*0,1,C=CC=C
Fluoride,F- (g),-250.907,-59.54158699808796,± 0.016,kcal/mol,18.99895178 ± 0.00000050,16984-48-8*0,1,[F-]
Ketene,CH2CO (g),-45.34,-11.567877629063096,± 0.11,kcal/mol,42.0367 ± 0.0016,463-51-4*0,1,C=C=O
Sulfur dioxide,OSO (g),-294.21,-70.92495219885276,± 0.13,kcal/mol,64.0648 ± 0.0060,7446-09-5*0,1,O=S=O
Bromomethane,CH3Br (g),-20.45,-8.568355640535373,± 0.19,kcal/mol,94.9385 ± 0.0013,74-83-9*0,1,CBr
Ethylamine,CH3CH2NH2 (g),-28.01,-11.897705544933078,± 0.42,kcal/mol,45.0837 ± 0.0017,75-04-7*0,1,CCN
Acetonitrile,CH3CN (g),81.15,17.705544933078393,± 0.23,kcal/mol,41.0520 ± 0.0016,75-05-8*0,1,CC#N
Hydroxymethyl,CH2OH (g),-10.11,-3.92208413001912,± 0.28,kcal/mol,31.03392 ± 0.00088,2597-43-5*0,1,[CH2]O
Hypochlorous acid,HOCl (g),-73.842,-18.351099426386234,± 0.023,kcal/mol,52.46004 ± 0.00095,7790-92-3*0,1,OCl
Amidogen,NH2 (g),188.93,44.46462715105162,± 0.11,kcal/mol,16.02262 ± 0.00016,13770-40-6*0,1,[NH2]
Formyl,HCO (g),41.387,9.981357552581262,± 0.094,kcal/mol,29.01804 ± 0.00086,2597-44-6*0,1,[CH]=O
Dibromine,Br2 (g),45.7,7.385277246653919,± 0.11,kcal/mol,159.8080 ± 0.0020,7726-95-6*0,1,Br-Br
Diiodine,I2 (g),65.497,14.91802103250478,± 0.0041,kcal/mol,253.808940 ± 0.000060,7553-56-2*0,1,I-I
iso-Propyl,CH3CHCH3 (g),105.67,21.223709369024856,± 0.38,kcal/mol,43.0877 ± 0.0024,2025-55-0*0,1,CC(C)
Allyl,CH2CHCH2 (g),179.91,40.19837476099426,± 0.33,kcal/mol,41.0718 ± 0.0024,1981-80-2*0,1,C=CC
Chloroethane,CH3CH2Cl (g),-96.95,-26.65869980879541,± 0.25,kcal/mol,64.5138 ± 0.0019,75-00-3*0,1,CCCl
Chloride,Cl- (g),-228.953,-54.33699808795411,± 0.0021,kcal/mol,35.45325 ± 0.00090,16887-00-6*0,1,[Cl-]
Methoxymethane,CH3OCH3 (g),-166.39,-43.95315487571702,± 0.35,kcal/mol,46.0684 ± 0.0017,115-10-6*0,1,COC
Dioxymethyl,CH2OO (g),112.1,25.11950286806883,± 0.33,kcal/mol,46.0254 ± 0.0010,56077-92-0*0,1,C(OO)
Trifluoromethyl,CF3 (g),-465.14,-111.84034416826005,± 0.42,kcal/mol,69.00591 ± 0.00080,2264-21-3*0,1,C(F)(F)F
Methyl hydroperoxide,CH3OOH (g),-114.83,-30.50908221797323,± 0.42,kcal/mol,48.0413 ± 0.0010,3031-73-0*0,1,COO
Phenol,C6H5OH (g),-74.34,-22.2131931166348,± 0.62,kcal/mol,94.1112 ± 0.0048,108-95-2*0,1,c1ccccc1O
Tetrachloromethane,CCl4 (g),-89.29,-21.85946462715105,± 0.41,kcal/mol,153.8215 ± 0.0037,56-23-5*0,1,C(Cl)(Cl)(Cl)Cl
Bromide,Br- (g),-206.612,-50.83030592734226,± 0.055,kcal/mol,79.90455 ± 0.00100,24959-67-9*0,1,[Br-]
Hypobromous acid,HOBr (g),-51.27,-14.758604206500957,± 0.48,kcal/mol,96.9113 ± 0.0010,13517-11-8*0,1,OBr
Iodomethane,CH3I (g),24.52,3.5826959847036326,± 0.16,kcal/mol,141.93899 ± 0.00083,74-88-4*0,1,CI
Cyanoacetylene,HCCCN (g),372.25,89.3857552581262,± 0.57,kcal/mol,51.0468 ± 0.0024,1070-71-9*0,1,C#CC#N
Hydrogen sulfide,H2S (g),-17.37,-4.851816443594646,± 0.18,kcal/mol,34.0819 ± 0.0060,7783-06-4*0,1,S
Iodide,I- (g),-187.996,-45.027724665391965,± 0.0021,kcal/mol,126.905019 ± 0.000030,20461-54-5*0,1,[I-]
Vinyl chloride,CH2CHCl (g),29.4,5.212715105162523,± 0.27,kcal/mol,62.4979 ± 0.0018,75-01-4*0,1,C=CCl
Sulfur,S (g),276.83,66.6993307839388,± 0.14,kcal/mol,32.0660 ± 0.0060,7704-34-9*0,1,[S]
Imidogen,NH (g),358.77,85.76003824091778,± 0.16,kcal/mol,15.014680 ± 0.000099,13774-92-0*0,1,[NH]
Vinylacetylene,CH2CHCCH (g),296.45,69.2399617590822,± 0.52,kcal/mol,52.0746 ± 0.0032,689-97-4*0,1,C=CC#C
Oxygen atom anion,O- (g),105.867,25.835564053537286,± 0.0021,kcal/mol,15.99995 ± 0.00030,14337-01-0*0,1,[O-]
"1,3-Butadiyne",HCCCCH (g),458.38,109.96653919694072,± 0.48,kcal/mol,50.0587 ± 0.0032,460-12-8*0,1,C#CC#C
Isocyanic acid,HNCO (g),-115.92,-28.420172084130016,± 0.28,kcal/mol,43.02478 ± 0.00086,75-13-8*0,1,N=C=O
Cyanamide,NH2CN (g),141.63,32.41395793499044,± 0.78,kcal/mol,42.04006 ± 0.00082,420-04-2*0,1,N#CCN
Hypofluorous acid,HOF (g),-84.38,-20.8604206500956,± 0.19,kcal/mol,36.00574 ± 0.00031,14034-79-8*0,1,OF
N-Methylenemethanamine,CH3NCH2 (g),94.62,19.048757170172085,± 0.67,kcal/mol,43.0678 ± 0.0016,1761-67-7*0,1,CN(C)C
Dichloromethane,CH2Cl2 (g),-86.85,-22.3972275334608,± 0.33,kcal/mol,84.9320 ± 0.0020,75-09-2*0,1,C(Cl)Cl
Chlorobenzene,C6H5Cl (g),67.27,12.504780114722752,± 0.61,kcal/mol,112.5566 ± 0.0049,108-90-7*0,1,Clc1ccccc1
"1,2-Butadiene",CH3CHCCH2 (g),176.05,38.85038240917782,± 0.42,kcal/mol,54.0904 ± 0.0032,590-19-2*0,1,CC=CC
Benzyl,C6H5CH2 (g),230.15,50.51147227533461,± 0.51,kcal/mol,91.1305 ± 0.0056,2154-56-5*0,1,c1ccccc1C
Ethyl hydroperoxide,CH3CH2OOH (g),-142.48,-38.45841300191204,± 0.62,kcal/mol,62.0678 ± 0.0018,3031-74-1*0,1,CCOO
Hydride,H- (g),143.264,34.71032504780115,± 0.000,kcal/mol,1.008489 ± 0.000070,12184-88-2*0,1,[H-]
Cyanogen chloride,ClCN (g),135.16,32.468929254302104,± 0.43,kcal/mol,61.4701 ± 0.0012,506-77-4*0,1,ClC#N
Fluoromethylidyne,CF (g),243.17,58.97944550669216,± 0.11,kcal/mol,31.00910 ± 0.00080,3889-75-6*0,1,C(F)
Cyanide,[CN]- (g),63.983,16.077676864244744,± 0.091,kcal/mol,26.01799 ± 0.00080,57-12-5*0,1,[C-]#N
2-Butyne,CH3CCCH3 (g),159.57,35.04063097514341,± 0.45,kcal/mol,54.0904 ± 0.0032,503-17-3*0,1,CC#CC
Difluoromethane,CH2F2 (g),-443.31,-107.77485659655832,± 0.35,kcal/mol,52.02339 ± 0.00081,75-10-5*0,1,C(F)F
Silyl,SiH3 (g),204.69,47.61233269598471,± 0.80,kcal/mol,31.10932 ± 0.00037,13765-44-1*0,1,[SiH3]
Oxygen difluoride,FOF (g),26.81,5.867590822179732,± 0.22,kcal/mol,53.99621 ± 0.00030,7783-41-7*0,1,FOF
Hypoiodous acid,HOI (g),-53.6,-13.934034416826002,± 2.8,kcal/mol,143.91181 ± 0.00031,14332-21-9*0,1,OI
Vinoxy,CH2CHO (g),22.91,3.85038240917782,± 0.53,kcal/mol,43.0446 ± 0.0016,6912-06-7*0,1,C=CO
Phosgene,CCl2O (g),-217.49,-52.38527724665392,± 0.24,kcal/mol,98.9155 ± 0.0020,75-44-5*0,1,O=C(Cl)Cl
Chloroform,CHCl3 (g),-94.52,-23.761950286806883,± 0.39,kcal/mol,119.3767 ± 0.0028,67-66-3*0,1,C(Cl)(Cl)Cl
Benzoyl,C6H5CO (g),138.84,29.94980879541109,± 0.98,kcal/mol,105.1140 ± 0.0056,2652-65-5*0,1,C(=O)c1ccccc1
Cyanogen bromide,BrCN (g),186.8,43.06883365200764,± 1.4,kcal/mol,105.9214 ± 0.0013,506-68-3*0,1,BrC#N
1-Butene,CH2CHCH2CH3 (g),21.23,0.0669216061185468,± 0.33,kcal/mol,56.1063 ± 0.0032,106-98-9*0,1,C=CCC
n-Hexane,CH3CH2CH2CH2CH2CH3 (g),-129.9,-39.85898661567878,± 0.32,kcal/mol,86.1754 ± 0.0049,110-54-3*0,1,CCCCCC
Propionaldehyde,CH3CH2CHO (g),-171.1,-44.57456978967495,± 0.20,kcal/mol,58.0791 ± 0.0025,123-38-6*0,1,CCC=O
Tetrabromomethane,CBr4 (g),144.79,27.509560229445505,± 0.73,kcal/mol,331.6267 ± 0.0041,558-13-4*0,1,C(Br)(Br)(Br)Br
Ethyl bromide,CH3CH2Br (g),-40.98,-15.040630975143404,± 0.24,kcal/mol,108.9651 ± 0.0019,74-96-4*0,1,CCBr
Propadienone,CH2CCO (g),132.21,31.2093690248566,± 0.61,kcal/mol,54.0474 ± 0.0024,61244-93-7*0,1,C=CC=O
Chlorine fluoride,ClF (g),-55.617,-13.315487571701722,± 0.030,kcal/mol,54.45110 ± 0.00090,7790-89-8*0,1,FCl
1-Butyne,CH3CH2CCH (g),180.42,39.87332695984704,± 0.56,kcal/mol,54.0904 ± 0.0032,107-00-6*0,1,CCC#C
Methanetetraylbisamidogen,NCN (g),451.42,107.9899617590822,± 0.40,kcal/mol,40.02418 ± 0.00081,2669-76-3*0,1,N=C=N
Bromoform,CHBr3 (g),80.97,13.102294455066922,± 0.70,kcal/mol,252.7306 ± 0.0031,75-25-2*0,1,C(Br)(Br)Br
Vinyl fluoride,CH2CHF (g),-134.51,-34.01529636711281,± 0.45,kcal/mol,46.0436 ± 0.0016,75-02-5*0,1,C=CF
Fluorobenzene,C6H5F (g),-96.04,-26.70172084130019,± 0.39,kcal/mol,96.1023 ± 0.0048,462-06-6*0,1,c1ccccc1F
Azanide,[NH2]- (g),114.66,26.71845124282983,± 0.29,kcal/mol,16.02317 ± 0.00016,17655-31-1*0,1,[NH2-]
Nitrogen trifluoride,NF3 (g),-125.9,-31.4555449330784,± 0.54,kcal/mol,71.001950 ± 0.000070,7783-54-2*0,1,N(F)(F)F
Cyanomethyl,CH2CN (g),262.85,62.13432122370937,± 0.53,kcal/mol,40.0440 ± 0.0016,2932-82-3*0,1,C=CN
Cyanic fluoride,FCN (g),8.5,2.110420650095602,± 0.74,kcal/mol,45.01584 ± 0.00080,1495-50-7*0,1,F-C#N
n-Pentane,CH3CH2CH2CH2CH3 (g),-114.17,-34.90678776290631,± 0.29,kcal/mol,72.1488 ± 0.0041,109-66-0*0,1,CCCCC
Fluoroethane,CH3CH2F (g),-257.24,-65.03585086042065,± 0.35,kcal/mol,48.0595 ± 0.0016,353-36-6*0,1,CCF
Carbamoyl,NH2CO (g),-7.73,-3.379541108986616,± 0.72,kcal/mol,44.03272 ± 0.00087,2858-51-7*0,1,NC=O
Acrylonitrile,CH2CHCN (g),194.02,44.7538240917782,± 0.60,kcal/mol,53.0627 ± 0.0024,107-13-1*0,1,C=CC#N
Disilane,SiH3SiH3 (g),92.0,18.140535372848948,± 1.3,kcal/mol,62.21864 ± 0.00073,1590-87-0*0,1,[SiH3][SiH3]
"2,4-Hexadiyne",CH3CCCCCH3 (g),380.35,88.50860420650095,± 0.82,kcal/mol,78.1118 ± 0.0048,2809-69-0*0,1,CCCCC(C)C
Aminooxy,NH2O (g),70.66,15.30831739961759,± 0.61,kcal/mol,32.02202 ± 0.00034,13408-29-2*0,1,NO
1-Propanol,CH3CH2CH2OH (g),-231.14,-60.94168260038241,± 0.20,kcal/mol,60.0950 ± 0.0025,71-23-8*0,1,CCCO
Sulfur monoxide,SO (g),5.95,1.431644359464627,± 0.13,kcal/mol,48.0654 ± 0.0060,13827-32-2*0,1,S=O
Sulfenic acid,HSOH (g),-108.15,-27.323135755258125,± 0.94,kcal/mol,50.0813 ± 0.0060,62607-44-7*0,1,OS
Sulfanyl,SH (g),142.8,34.23996175908221,± 0.18,kcal/mol,33.0739 ± 0.0060,13940-21-1*0,1,[SH]
Cyanogen,NCCN (g),308.21,74.1276290630975,± 0.41,kcal/mol,52.0349 ± 0.0016,460-19-5*0,1,NCCN
Diazomethane,CH2NN (g),273.64,63.902963671128106,± 0.86,kcal/mol,42.04006 ± 0.00082,334-88-3*0,1,CNN
"1,3-Pentadiyne",HCCCCCH3 (g),418.18,98.93881453154874,± 0.65,kcal/mol,64.0853 ± 0.0040,4911-55-1*0,1,CC#CCC
Disulfur,S2 (g),127.36,30.513862332695982,± 0.27,kcal/mol,64.1320 ± 0.0120,23550-45-0*0,1,S=S
Dimethyl sulfide,CH3SCH3 (g),-20.24,-8.783460803059272,± 0.35,kcal/mol,62.1350 ± 0.0062,75-18-3*0,1,CSC
Difluorodioxidane,FOOF (g),35.38,7.566921606118546,± 0.40,kcal/mol,69.99561 ± 0.00060,7783-44-0*0,1,FOOF
Hydrazoic acid,HNNN (g),298.03,69.72514340344168,± 0.48,kcal/mol,43.02816 ± 0.00022,7782-79-8*0,1,N=[N+]=N
Chloroacetylene,HCCCl (g),229.35,55.02151051625239,± 0.44,kcal/mol,60.4820 ± 0.0018,593-63-5*0,1,C#CCl
Fluoroacetylene,HCCF (g),104.98,25.26051625239005,± 0.39,kcal/mol,44.0277 ± 0.0016,2713-09-9*0,1,C#CF
1-Butanol,CH3CH2CH2CH2OH (g),-244.5,-65.66682600382408,± 0.24,kcal/mol,74.1216 ± 0.0033,71-36-3*0,1,CCCCO
(Methylamino)methyl,CH3NHCH2 (g),168.82,36.41730401529637,± 0.70,kcal/mol,44.0758 ± 0.0017,31277-24-4*0,1,CNC
"1,1-Dichloroethane",CH3CHCl2 (g),-120.16,-31.77103250478012,± 0.43,kcal/mol,98.9586 ± 0.0024,75-34-3*0,1,CC(Cl)Cl
Dibromomethane,CH2Br2 (g),27.0,1.3384321223709368,± 0.59,kcal/mol,173.8346 ± 0.0022,74-95-3*0,1,C(Br)Br
Bromobenzene,C6H5Br (g),127.0,25.0717017208413,± 1.3,kcal/mol,157.0079 ± 0.0049,108-86-1*0,1,c1ccccc1Br
Phenylethene,C6H5CHCH2 (g),169.9,35.506692160611856,± 0.51,kcal/mol,104.1491 ± 0.0064,100-42-5*0,1,c1ccccc1C=C
Phenylacetylene,C6H5CCH (g),332.8,75.91778202676863,± 0.69,kcal/mol,102.1332 ± 0.0064,536-74-3*0,1,c1ccccc1C#C
Nitrosomethane,CH3NO (g),80.97,16.98374760994264,± 0.91,kcal/mol,45.04066 ± 0.00088,865-40-7*0,1,CN=O
Isocyanoacetylene,HCCNC (g),484.8,116.40057361376672,± 0.98,kcal/mol,51.0468 ± 0.0024,66723-45-3*0,1,C#CCN
Disilanyl,SiH3SiH2 (g),242.3,55.04302103250478,± 1.5,kcal/mol,61.21070 ± 0.00069,73151-72-1*0,1,[SiH3][SiH2]
Silanone,SiH2O (g),-93.79,-23.69263862332696,± 0.99,kcal/mol,46.10078 ± 0.00045,22755-01-7*0,1,O[SiH2]
Silyloxy,SiH3O (g),8.5,0.1434034416826003,± 1.4,kcal/mol,47.10872 ± 0.00047,81429-20-1*0,1,[SiH3]O
Methanethiol,CH3SH (g),-10.4,-4.940248565965583,± 0.46,kcal/mol,48.1085 ± 0.0061,74-93-1*0,1,CS
Hydrazine,NH2NH2 (g),111.79,23.33652007648184,± 0.44,kcal/mol,32.04524 ± 0.00031,302-01-2*0,1,NN
Methanide,[CH3]- (g),141.16,32.91347992351817,± 0.24,kcal/mol,15.03507 ± 0.00083,15194-58-8*0,1,[CH3-]
Cyanogen iodide,ICN (g),222.5,53.05927342256214,± 1.7,kcal/mol,152.92191 ± 0.00080,506-78-5*0,1,IC#N
Fluorodioxidanyl,FOO (g),26.88,6.015774378585086,± 0.26,kcal/mol,50.99720 ± 0.00060,15499-23-7*0,1,OOF
"1,1-Difluoroethene",CH2CF2 (g),-343.6,-83.80975143403442,± 0.63,kcal/mol,64.0341 ± 0.0016,75-38-7*0,1,C(F)(F)C
1-Cyanovinyl,CH2CCN (g),419.1,100.11950286806882,± 1.1,kcal/mol,52.0547 ± 0.0024,15091-87-9*0,1,C=CCN
"1,3-Hexadiyne",HCCCCCH2CH3 (g),405.23,94.0583173996176,± 0.94,kcal/mol,78.1118 ± 0.0048,4447-21-6*0,1,CCCC#CC
Iodine monochloride,ICl (g),19.024,4.156548757170172,± 0.013,kcal/mol,162.35717 ± 0.00090,7790-99-0*0,1,ICl
Methylene anion,[CH2]- (g),328.17,78.53967495219885,± 0.18,kcal/mol,14.02713 ± 0.00081,50928-07-9*0,1,[CH2-]
Methylidyne anion,[CH]- (g),475.76,114.50525812619502,± 0.21,kcal/mol,13.01919 ± 0.00080,28604-54-8*0,1,[CH-]
Methoxyethane,CH3CH2OCH3 (g),-194.29,-51.90726577437859,± 0.52,kcal/mol,60.0950 ± 0.0025,540-67-0*0,1,CCOC
Tetrachloroethene,CCl2CCl2 (g),-20.53,-5.11472275334608,± 0.99,kcal/mol,165.8322 ± 0.0039,127-18-4*0,1,C(Cl)(Cl)C(Cl)(Cl)
Chlorodifluoromethane,CHClF2 (g),-475.57,-115.14579349904396,± 0.99,kcal/mol,86.4681 ± 0.0012,75-45-6*0,1,C(F)(F)Cl
Fluoroformyl,FCO (g),-176.62,-42.07217973231357,± 0.37,kcal/mol,47.00850 ± 0.00085,1871-24-5*0,1,FCO
2-Bromoethanol,BrCH2CH2OH (g),-195.99,-52.59321223709369,± 0.52,kcal/mol,124.9645 ± 0.0019,540-51-2*0,1,BrCCO
Carbon suboxide,OCCCO (g),-94.42,-22.062619502868067,± 0.96,kcal/mol,68.0309 ± 0.0025,504-64-3*0,1,OCCCO
Ethylbenzene,C6H5CH2CH3 (g),58.42,7.160611854684513,± 0.52,kcal/mol,106.1650 ± 0.0064,100-41-4*0,1,CCc1ccccc1
2-Propynal,CHCCHO (g),135.52,31.87141491395793,± 0.87,kcal/mol,54.0474 ± 0.0024,624-67-9*0,1,C#CC=O
Phenylperoxy,C6H5OO (g),154.0,32.74378585086042,± 1.4,kcal/mol,109.1027 ± 0.0049,91422-02-5*0,1,c1ccccc1OO
Silylidyne,SiH (g),371.21,89.15152963671127,± 0.67,kcal/mol,29.09344 ± 0.00031,13774-94-2*0,1,[SiH]
Bromosilane,SiH3Br (g),-59.1,-18.04493307839388,± 1.4,kcal/mol,111.0133 ± 0.0011,13465-73-1*0,1,[SiH3]Br
Diethyl ether,CH3CH2OCH2CH3 (g),-222.78,-59.79923518164436,± 0.75,kcal/mol,74.1216 ± 0.0033,60-29-7*0,1,CCOCC
Cyanic acid,HOCN (g),-12.3,-3.587476099426386,± 0.43,kcal/mol,43.02478 ± 0.00086,420-05-3*0,1,OCN
Fulminic acid,HCNO (g),170.74,40.46128107074569,± 0.44,kcal/mol,43.02478 ± 0.00086,51060-05-0*0,1,CNO
Isofulminic acid,HONC (g),235.27,55.82217973231357,± 0.43,kcal/mol,43.02478 ± 0.00086,506-85-4*0,1,ONC
Dioxoethyl,OCHCO (g),-63.27,-15.461281070745695,± 0.86,kcal/mol,57.0281 ± 0.0017,702699-38-5*0,1,OCC=O
"1,1-Dichloroethene",CH2CCl2 (g),9.3,0.7911089866156787,± 0.50,kcal/mol,96.9427 ± 0.0024,75-35-4*0,1,C(Cl)(Cl)C
Tetraiodomethane,CI4 (g),323.7,76.1472275334608,± 1.1,kcal/mol,519.62858 ± 0.00081,507-25-5*0,1,C(I)(I)(I)I
Dichlorodifluoromethane,CF2Cl2 (g),-488.88,-117.84416826003824,± 0.44,kcal/mol,120.9129 ± 0.0020,75-71-8*0,1,C(F)(F)(Cl)(Cl)
Fluorodichloromethane,CHFCl2 (g),-277.62,-67.65774378585085,± 0.90,kcal/mol,102.9224 ± 0.0020,75-43-4*0,1,C(F)(Cl)(Cl)
Formyl fluoride,CHFO (g),-378.64,-91.3527724665392,± 0.31,kcal/mol,48.01644 ± 0.00086,1493-02-3*0,1,C(F)O
Methylsilane,CH3SiH3 (g),-9.84,-6.218929254302103,± 0.89,kcal/mol,46.14384 ± 0.00095,992-94-9*0,1,C[SiH3]
Fluorosilane,SiH3F (g),-346.22,-84.99282982791587,± 0.72,kcal/mol,50.10772 ± 0.00037,13537-33-2*0,1,[SiH3]F
Chlorosilane,SiH3Cl (g),-126.5,-32.409177820267686,± 1.4,kcal/mol,66.56202 ± 0.00097,13465-78-6*0,1,[SiH3]Cl
Hydroxysilyl,SiH2OH (g),-104.2,-26.76864244741874,± 1.5,kcal/mol,47.10872 ± 0.00047,113648-09-2*0,1,[SiH2]O
2-Aminoethyl,CH2CH2NH2 (g),174.5,37.77007648183556,± 0.82,kcal/mol,44.0758 ± 0.0017,4422-53-1*0,1,C(CN)C
Hydrosulfide,[SH]- (g),-80.53,-19.247131931166347,± 0.18,kcal/mol,33.0745 ± 0.0060,15035-72-0*0,1,[SH-]
Carbonyl sulfide,OCS (g),-140.09,-33.44885277246654,± 0.32,kcal/mol,60.0761 ± 0.0061,463-58-1*0,1,OCS
Chloro hypochlorite,ClOCl (g),79.79,18.63766730401529,± 0.36,kcal/mol,86.9048 ± 0.0018,7791-21-1*0,1,ClOCl
Chlorooxy hypochlorite,ClOOCl (g),134.57,31.391013384321223,± 0.56,kcal/mol,102.9042 ± 0.0019,12292-23-8*0,1,ClOOCl
Peroxyhypochlorous acid,HOOCl (g),3.97,-0.3107074569789675,± 0.95,kcal/mol,68.4594 ± 0.0011,67952-07-2*0,1,OOCl
Dichloride,[Cl2]- (g),-231.91,-55.17208413001912,± 0.34,kcal/mol,70.9059 ± 0.0018,12595-89-0*0,1,[Cl-].[Cl-]
1-Aminoethenyl,CH2CNH2 (g),294.71,68.37476099426385,± 0.92,kcal/mol,42.0599 ± 0.0016,180385-92-6*0,1,NCC
Cyanoacetylide,[CCCN]- (g),300.4,73.04015296367113,± 1.1,kcal/mol,50.0394 ± 0.0024,12373-53-4*0,1,[C-]C#N
Chloromethylidyne,CCl (g),430.63,103.81931166347992,± 0.67,kcal/mol,47.4634 ± 0.0012,3889-76-7*0,1,[CH2]Cl
Fluorotrichloromethane,CCl3F (g),-283.23,-68.44646271510516,± 0.76,kcal/mol,137.3672 ± 0.0028,75-69-4*0,1,C(F)(Cl)(Cl)Cl
Formyl chloride,CHClO (g),-179.87,-43.75717017208413,± 0.67,kcal/mol,64.4707 ± 0.0012,2565-30-2*0,1,ClC=O
2-Chloroethanol,ClCH2CH2OH (g),-249.78,-63.69263862332696,± 0.59,kcal/mol,80.5132 ± 0.0019,107-07-3*0,1,OCCCl
Iodobenzene,C6H5I (g),178.61,38.86950286806883,± 0.99,kcal/mol,204.0084 ± 0.0048,591-50-4*0,1,c1ccccc1I
Trifluoroethene,CF2CHF (g),-493.5,-119.14435946462714,± 1.4,kcal/mol,82.0245 ± 0.0016,359-11-5*0,1,FC(F)C
Oxosilylene,SiO (g),-98.38,-23.23613766730401,± 0.54,kcal/mol,44.08490 ± 0.00042,10097-28-6*0,1,[Si]=O
1-Propanamine,CH3CH2CH2NH2 (g),-42.2,-16.71845124282983,± 0.42,kcal/mol,59.1103 ± 0.0025,107-10-8*0,1,CCCN
Methylamidogen anion,[CH3NH]- (g),145.41,32.16778202676864,± 0.64,kcal/mol,30.04975 ± 0.00085,54448-39-4*0,1,[CH2-]N
Methylimidogen,CH3N (g),323.0,75.3585086042065,± 1.0,kcal/mol,29.04126 ± 0.00083,27770-42-9*0,1,NC
sec-Butyl,CH3CH2CHCH3 (g),91.34,15.913001912045887,± 0.71,kcal/mol,57.1143 ± 0.0033,2348-55-2*0,1,CCC=C
Oxoethanide,[CH3CO]- (g),-44.0,-11.83078393881453,± 1.3,kcal/mol,43.0452 ± 0.0016,78944-68-0*0,1,[CH2-]C=O
Difluoride,[F2]- (g),-290.5,-69.21606118546845,± 1.2,kcal/mol,37.9973550 ± 0.0000010,12184-85-9*0,1,[F-].[F-]
Hexachloroethane,CCl3CCl3 (g),-144.2,-35.01434034416826,± 1.3,kcal/mol,236.7376 ± 0.0056,67-72-1*0,1,C(Cl)(Cl)C(Cl)(Cl)Cl
Dichloroacetylene,ClCCCl (g),232.84,56.44120458891013,± 0.72,kcal/mol,94.9268 ± 0.0024,7572-29-4*0,1,C(Cl)CCl
Iodoform,CHI3 (g),217.3,50.023900573613766,± 1.6,kcal/mol,393.73205 ± 0.00081,75-47-8*0,1,I(C)(I)I
Vinyl iodide,CH2CHI (g),139.63,31.259560229445505,± 0.93,kcal/mol,153.9497 ± 0.0016,593-66-8*0,1,CCI
Bromoacetylene,HCCBr (g),287.4,67.13671128107073,± 1.6,kcal/mol,104.9333 ± 0.0019,593-61-3*0,1,C#CBr
2-Fluoroethanol,FCH2CH2OH (g),-405.63,-101.06835564053536,± 0.99,kcal/mol,64.0589 ± 0.0017,371-62-0*0,1,OCCF
Benzylide,[C6H5CH2]- (g),142.0,29.41921606118547,± 0.40,kcal/mol,91.1310 ± 0.0056,18860-15-6*0,1,[CH2-]c1ccccc1
Benzonitrile,C6H5CN (g),230.0,51.5774378585086,± 0.92,kcal/mol,103.1213 ± 0.0056,100-47-0*0,1,c1ccccc1C#N
Methyl nitrite,CH3ONO (g),-54.31,-15.53059273422562,± 0.69,kcal/mol,61.0401 ± 0.0010,624-91-9*0,1,CON
1-Cyanovinyl anion,[CH2CCN]- (g),224.3,52.93977055449331,± 1.2,kcal/mol,52.0553 ± 0.0024,36259-97-9*0,1,[CH2-]C#N
"1,2,3-Butatrien-1-yl anion",[CH2CCCH]- (g),388.5,92.3996175908222,± 1.1,kcal/mol,51.0672 ± 0.0032,102275-54-7*0,1,[CH2-]C=C
"1,5-Hexadiyne",HCCCH2CH2CCH (g),431.6,100.66921606118548,± 1.2,kcal/mol,78.1118 ± 0.0048,628-16-0*0,1,C#CCCCC#C
N-Methylethanamine,CH3CH2NHCH3 (g),-17.4,-10.898661567877628,± 1.1,kcal/mol,59.1103 ± 0.0025,624-78-2*0,1,CNCC
Disulfene oxide,SSO (g),-50.63,-12.581261950286809,± 0.43,kcal/mol,80.1314 ± 0.0120,20901-21-7*0,1,S=S=O
Ethanethiol,CH3CH2SH (g),-28.75,-10.893881453154876,± 0.38,kcal/mol,62.1350 ± 0.0062,75-08-1*0,1,CCS
Difluoroamidogen,NF2 (g),36.23,8.042543021032504,± 0.63,kcal/mol,52.003546 ± 0.000070,3744-07-8*0,1,FN(F)
Vinylidene anion,[CCH2]- (g),364.26,87.01481835564053,± 0.31,kcal/mol,26.0378 ± 0.0016,66295-36-1*0,1,[CH2-]C
Hydroperoxycarbonyl,HOOCO (g),-73.24,-18.427342256214143,± 0.97,kcal/mol,61.0168 ± 0.0012,153751-35-0*0,1,OOC=O
1-Propynylide,[CH3CC]- (g),264.61,62.38766730401529,± 0.66,kcal/mol,39.0565 ± 0.0024,36147-87-2*0,1,[CH2-]C#C
(Methyleneamino)methyl anion,[CH2NCH2]- (g),187.0,42.20841300191204,± 1.6,kcal/mol,42.0604 ± 0.0016,73859-26-4*0,1,[CH2-]N[CH2-]
Bromotrichloromethane,CCl3Br (g),-29.81,-9.311663479923515,± 0.53,kcal/mol,198.2728 ± 0.0030,75-62-7*0,1,C(Br)(Cl)(Cl)Cl
Methyl hypochlorite,CH3OCl (g),-53.0,-15.05736137667304,± 1.4,kcal/mol,66.4866 ± 0.0013,593-78-2*0,1,COCl
"1,2-Dichloroethane",CH2ClCH2Cl (g),-118.5,-31.178298279158696,± 0.53,kcal/mol,98.9586 ± 0.0024,107-06-2*0,1,ClCCCl
"1,2-Difluoroacetylene",FCCF (g),2.84,1.3551625239005736,± 0.63,kcal/mol,62.0182 ± 0.0016,689-99-6*0,1,FCF
Iodoacetylene,HCCI (g),324.0,77.39005736137668,± 2.0,kcal/mol,151.9338 ± 0.0016,14545-08-5*0,1,C#CI
Chloroformyl,ClCO (g),-21.92,-4.90678776290631,± 0.49,kcal/mol,63.4628 ± 0.0012,2602-42-8*0,1,O=CCl
Anisole,C6H5OCH3 (g),-45.97,-16.926386233269596,± 0.63,kcal/mol,108.1378 ± 0.0056,100-66-3*0,1,COc1ccccc1
Nitrosobenzene,C6H5NO (g),217.0,47.801147227533455,± 1.2,kcal/mol,107.1100 ± 0.0048,586-96-9*0,1,O=Nc1ccccc1
"1,2,3,4-Hexatetraene",CH2CCCCHCH3 (g),429.9,100.40630975143404,± 1.5,kcal/mol,78.1118 ± 0.0048,177856-38-1*0,1,CCCCC=C
Pentatetraene,CH2CCCCH2 (g),452.6,107.21797323135756,± 0.93,kcal/mol,64.0853 ± 0.0040,21986-03-8*0,1,CCC=CC
Dinitrogen tetraoxide,O2NNO2 (g),20.21,2.609942638623327,± 0.14,kcal/mol,92.0111 ± 0.0012,10544-72-6*0,1,O=N(=O)N=O
Bromochlorane,BrCl (g),21.891,3.4529158699808797,± 0.059,kcal/mol,115.3567 ± 0.0013,13863-41-7*0,1,BrCl
Nitrosamine,NH2NO (g),85.88,18.40344168260038,± 0.94,kcal/mol,46.02876 ± 0.00036,35576-91-1*0,1,NN=O
Carbon disulfide,SCS (g),116.06,27.9302103250478,± 0.59,kcal/mol,76.1427 ± 0.0120,75-15-0*0,1,CSS
Iodine monobromide,IBr (g),49.727,9.746653919694072,± 0.066,kcal/mol,206.8085 ± 0.0010,7789-33-5*0,1,IBr
Diazenyl,NNH (g),252.18,59.57456978967495,± 0.45,kcal/mol,29.02142 ± 0.00016,36882-13-0*0,1,N=N[H]
Nitrosyl chloride,ClNO (g),54.481,12.566921606118546,± 0.068,kcal/mol,65.45884 ± 0.00095,2696-92-6*0,1,ClN=O
Dinitrogen pentoxide,O2NONO2 (g),24.36,3.534894837476099,± 0.30,kcal/mol,108.0105 ± 0.0015,10102-03-1*0,1,O=N(=O)ON=O
Ethylidyne anion,[CH3C]- (g),457.1,108.29349904397704,± 1.2,kcal/mol,27.0458 ± 0.0016,117768-70-4*0,1,C[CH2-]
n-Butyl anion,[CH3CH2CH2CH2]- (g),106.2,19.43116634799235,± 1.3,kcal/mol,57.1148 ± 0.0033,79431-01-9*0,1,[CH2-]CCC
sec-Butyl anion,[CH3CH2CHCH3]- (g),103.4,18.857552581261952,± 1.3,kcal/mol,57.1148 ± 0.0033,79431-00-8*0,1,[CH2-]C(C)C
"1,2-Butadienyl anion",[CH3CHCCH]- (g),255.7,58.84321223709369,± 1.1,kcal/mol,53.0830 ± 0.0032,65114-67-2*0,1,C[CH-]C#C
"1,1,1,2-Tetrachloroethane",CH2ClCCl3 (g),-144.4,-36.54397705544933,± 1.3,kcal/mol,167.8481 ± 0.0039,630-20-6*0,1,ClC(Cl)(Cl)CCl
Pentachloroethyl,CCl3CCl2 (g),28.9,6.453154875717017,± 1.3,kcal/mol,201.2849 ± 0.0048,7094-17-9*0,1,C(Cl)(Cl)(Cl)C(Cl)Cl
Dibromophosgene,CBr2O (g),-97.93,-27.2131931166348,± 0.37,kcal/mol,187.8181 ± 0.0022,593-95-3*0,1,O=C(Br)Br
Propyn-1-ol,CH3CCOH (g),65.7,13.718929254302102,± 1.1,kcal/mol,56.0633 ± 0.0024,6175-54-8*0,1,C#CCO
Propargyl chloride,HCCCH2Cl (g),186.7,43.21223709369025,± 1.3,kcal/mol,74.5086 ± 0.0026,624-65-7*0,1,C#CCCl
Dioxosilane,SiO2 (g),-277.9,-66.75430210325048,± 2.0,kcal/mol,60.08430 ± 0.00067,7631-86-9*0,1,O=[Si]=O
Dimethylsilane,CH3SiH2CH3 (g),-66.8,-21.10420650095602,± 1.1,kcal/mol,60.1704 ± 0.0017,1111-74-6*0,1,C[SiH2]C
"1,2-Pentadien-4-yne",HCCCHCCH2 (g),442.3,104.3666347992352,± 0.97,kcal/mol,64.0853 ± 0.0040,33555-85-0*0,1,C#CC=C
Aniline,C6H5NH2 (g),108.83,20.75047801147227,± 0.72,kcal/mol,93.1265 ± 0.0048,62-53-3*0,1,c1ccccc1N
Bromo hypobromite,BrOBr (g),121.1,25.0,± 1.2,kcal/mol,175.8074 ± 0.0020,21308-80-5*0,1,BrOBr
Ethynylamidogen,HCCNH (g),395.32,93.99856596558315,± 0.96,kcal/mol,40.0440 ± 0.0016,73456-14-1*0,1,C#CN
Deuterium atom,D (g),219.804,52.99163479923519,± 0.000,kcal/mol,2.01410177800 ± 0.00000000040,16873-17-9*0,1,[2H]
Glyoxal,OCHCHO (g),-207.84,-51.0038240917782,± 0.55,kcal/mol,58.0361 ± 0.0017,107-22-2*0,1,O=CC=O
Trichloromethide,[CCl3]- (g),-123.2,-29.30210325047801,± 2.0,kcal/mol,118.3693 ± 0.0028,14478-07-0*0,1,[C-](Cl)(Cl)Cl
"1,1,2,2-Tetrachloroethane",CHCl2CHCl2 (g),-146.7,-37.30879541108986,± 1.5,kcal/mol,167.8481 ± 0.0039,79-34-5*0,1,C(Cl)C(Cl)
Bromodichloromethane,CHCl2Br (g),-34.8,-11.11376673040153,± 1.2,kcal/mol,163.8280 ± 0.0022,75-27-4*0,1,C(Cl)(Cl)Br
Diiodomethane,CH2I2 (g),122.96,27.13193116634799,± 0.78,kcal/mol,267.83552 ± 0.00081,75-11-6*0,1,C(I)I
Difluorodibromomethane,CF2Br2 (g),-359.8,-90.29636711281071,± 1.3,kcal/mol,209.8155 ± 0.0022,75-61-6*0,1,C(F)(F)(Br)Br
Dichlorodibromomethane,CCl2Br2 (g),28.3,2.9636711281070744,± 1.2,kcal/mol,242.7241 ± 0.0028,594-18-3*0,1,C(Cl)(Cl)(Br)Br
Difluorobromomethane,CHF2Br (g),-411.39,-101.47944550669214,± 0.47,kcal/mol,130.9194 ± 0.0013,1511-62-2*0,1,C(F)(F)Br
"1,2-Difluoroethane",CH2FCH2F (g),-434.39,-107.0291586998088,± 0.80,kcal/mol,66.0500 ± 0.0016,624-72-6*0,1,FCCF
"1,1-Dibromoethene",CH2CBr2 (g),130.6,26.338432122370936,± 1.6,kcal/mol,185.8453 ± 0.0026,593-92-0*0,1,C(Br)(Br)C
Tribromoethene,CHBrCBr2 (g),169.7,34.655831739961755,± 1.6,kcal/mol,264.7413 ± 0.0034,598-16-3*0,1,C(Br)(Br)CBr
"1,1-Diiodoethene",CH2CI2 (g),225.1,51.86424474187381,± 1.6,kcal/mol,279.8462 ± 0.0016,57678-85-0*0,1,C(I)(I)C
Triiodoethene,CHICI2 (g),302.0,70.62619502868068,± 1.4,kcal/mol,405.7428 ± 0.0016,10065-29-9*0,1,C(I)(I)C(I)
Ethenedione,OCCO (g),14.5,4.063097514340344,± 1.2,kcal/mol,56.0202 ± 0.0017,4363-38-6*0,1,OCCO
Silanide,[SiH3]- (g),69.3,15.20076481835564,± 1.3,kcal/mol,31.10987 ± 0.00037,15807-96-2*0,1,[SiH3-]
Ethylsilane,CH3CH2SiH3 (g),-12.8,-8.436902485659655,± 1.8,kcal/mol,60.1704 ± 0.0017,2814-79-1*0,1,CC[SiH3]
"1,4-Pentadiyne",HCCCH2CCH (g),460.2,108.65200764818356,± 1.1,kcal/mol,64.0853 ± 0.0040,24442-69-1*0,1,C#CC=CC
Biphenyl,C6H5C6H5 (g),207.0,42.73422562141492,± 1.1,kcal/mol,154.2078 ± 0.0096,92-52-4*0,1,c1ccccc1c1ccccc1
Diacetylide,[CCCCH]- (g),460.96,111.37667304015297,± 0.96,kcal/mol,49.0513 ± 0.0032,59012-21-4*0,1,[C-]C#CC
1-Methylene-2-propenyl anion,[CH2CHCCH2]- (g),256.4,58.93881453154875,± 1.3,kcal/mol,53.0830 ± 0.0032,64480-63-3*0,1,[CH2-]C=CC
Dioxymethylidyne,COO (g),299.8,71.96462715105163,± 1.7,kcal/mol,44.00950 ± 0.00100,791121-04-5*0,1,C(=O)O
Ketenyl anion,[HCCO]- (g),-48.44,-11.355162523900573,± 0.82,kcal/mol,41.0293 ± 0.0016,64066-01-9*0,1,C#C[O-]
Dicarbon monoxide anion,[CCO]- (g),154.17,37.71749521988528,± 0.83,kcal/mol,40.0213 ± 0.0016,87191-88-6*0,1,C=C[O-]
Ethynol,HCCOH (g),95.31,22.18451242829828,± 0.73,kcal/mol,42.0367 ± 0.0016,32038-79-2*0,1,C#CO
Chlorodibromomethane,CHClBr2 (g),22.0,0.7648183556405354,± 3.5,kcal/mol,208.2793 ± 0.0023,124-48-1*0,1,C(Cl)(Br)Br
Peroxyimidogen,NOO (g),405.4,96.41491395793498,± 1.9,kcal/mol,46.00554 ± 0.00060,*60488-31-5*0,1,NOO
"1,2-Dibromoacetylene",BrCCBr (g),346.5,80.21032504780115,± 2.0,kcal/mol,183.8294 ± 0.0026,624-61-3*0,1,BrCCBr
"1,2,3-Pentatriene",CH2CCCHCH3 (g),302.7,69.40726577437857,± 1.4,kcal/mol,66.1011 ± 0.0040,62018-46-6*0,1,C=C-C=CC
Triiodide,[I3]- (g),-254.3,-61.543977055449325,± 3.4,kcal/mol,380.713959 ± 0.000090,14900-04-0*0,1,[I-]I[I-]
Monosulfur anion,S- (g),76.42,18.754780114722752,± 0.14,kcal/mol,32.0665 ± 0.0060,14337-03-2*0,1,[S-]
Thiozone,SSS (g),144.26,34.151529636711274,± 0.71,kcal/mol,96.1980 ± 0.0180,12597-03-4*0,1,S-S-S
Diiodide,[I2]- (g),-178.13,-43.19311663479923,± 0.47,kcal/mol,253.809489 ± 0.000060,12190-71-5*0,1,[I-]I
Boron trichloride,BCl3 (g),-403.21,-96.60611854684512,± 0.83,kcal/mol,117.1691 ± 0.0075,10294-34-5*0,1,B(Cl)(Cl)Cl
"1,5-Hexadiene",CH2CHCH2CH2CHCH2 (g),108.51,20.05736137667304,± 0.39,kcal/mol,82.1436 ± 0.0049,592-42-7*0,1,C=CC=CCC
Fulminate,[CNO]- (g),59.6,14.292543021032504,± 1.7,kcal/mol,42.01739 ± 0.00086,28269-67-2*0,1,[C-]#N=O
Fluorochlorobromomethane,CHFClBr (g),-218.3,-55.186424474187376,± 4.9,kcal/mol,147.3737 ± 0.0016,593-98-6*0,1,F[C](Cl)Br
Peroxyimidogen anion,[NOO]- (g),165.1,38.88623326959846,± 1.7,kcal/mol,46.00609 ± 0.00060,60488-31-5*0,1,[N-](O)O
Fluoroethynide,[CCF]- (g),133.3,32.863288718929255,± 1.5,kcal/mol,43.0204 ± 0.0016,85905-56-2*0,1,[C-]CF
Formyl fluoride,[FCO]- (g),-405.1,-96.48661567877627,± 1.6,kcal/mol,47.00905 ± 0.00085,62227-71-8*0,1,[F][C-]=O
Ethyl nitrite,CH3CH2ONO (g),-79.93,-23.26242829827916,± 0.86,kcal/mol,75.0666 ± 0.0017,109-95-5*0,1,CCON=O
Tetrabromoethene,CBr2CBr2 (g),218.8,45.45889101338432,± 2.2,kcal/mol,343.6374 ± 0.0043,79-28-7*0,1,C(Br)(Br)C(Br)(Br)
"1,1-Dibromoethane",CH3CHBr2 (g),-4.8,-7.60038240917782,± 1.8,kcal/mol,187.8612 ± 0.0026,557-91-5*0,1,CC(Br)Br
Chlorine difluoride,ClFF (g),22.5,5.712237093690248,± 1.9,kcal/mol,73.44951 ± 0.00090,91483-78-2*0,1,ClF
Formaldiminoxy,CH2NO (g),161.0,36.80688336520076,± 1.5,kcal/mol,44.03272 ± 0.00087,2683-96-7*0,1,C=NO
Butyraldehyde,CH3CH2CH2CHO (g),-185.27,-49.1491395793499,± 0.85,kcal/mol,72.1057 ± 0.0033,123-72-8*0,1,CCC(C=O)
1-Chloropropyne,CH3CCCl (g),192.0,44.909177820267686,± 1.6,kcal/mol,74.5086 ± 0.0026,7747-84-4*0,1,CC(Cl)C
Difluorosilyliumyl,[SiF2]+ (g),416.0,99.23518164435946,± 2.0,kcal/mol,66.08176 ± 0.00030,37300-76-8*0,1,F[Si+](F)
Disilanyl anion,[SiH3SiH2]- (g),63.3,12.165391969407263,± 2.1,kcal/mol,61.21125 ± 0.00069,53199-49-8*0,1,[SiH3][SiH2-]
Iodosilane,SiH3I (g),6.9,-0.6692160611854684,± 2.6,kcal/mol,158.01379 ± 0.00037,13598-42-0*0,1,[SiH3]I
Nitrosyl fluoride,FNO (g),-85.46,-20.99187380497132,± 0.76,kcal/mol,49.00454 ± 0.00031,7789-25-5*0,1,FN=O
Bromine dioxide,OBrO (g),165.6,37.284894837476095,± 2.1,kcal/mol,111.9028 ± 0.0012,21255-83-4*0,1,O=Br-O
Hydrofluorate ion,[HF]- (g),-75.6,-17.949330783938812,± 1.8,kcal/mol,20.006892 ± 0.000070,37249-79-9*0,1,[H-]F
Methoxymethyl anion,[CH3OCH2]- (g),23.4,2.48565965583174,± 2.3,kcal/mol,45.0610 ± 0.0017,61192-30-1*0,1,CO[CH2-]
Hydroxyimidogen anion,[NOH]- (g),229.9,54.34990439770554,± 2.2,kcal/mol,31.01463 ± 0.00032,*35337-59-8*0,1,[N-]O
Ammonium radical,NH4 (g),190.01,42.88240917782026,± 0.43,kcal/mol,18.03850 ± 0.00029,92075-50-8*0,1,[NH4+]
Isocyanogen,CNCN (g),412.1,99.04397705544932,± 1.3,kcal/mol,52.0349 ± 0.0016,83951-85-3*0,1,CNCN
Isocyanomethylidyne anion,[CNC]- (g),479.2,115.41586998087952,± 2.0,kcal/mol,38.0287 ± 0.0016,*53590-27-5*0,1,[C-](N)C
Cyanomethylidyne anion,[CCN]- (g),410.1,98.87667304015297,± 2.2,kcal/mol,38.0287 ± 0.0016,12373-35-2*0,1,[C-][C]N
Nirous oxide anion,[NNO]- (g),99.3,23.111854684512423,± 1.9,kcal/mol,44.01343 ± 0.00033,12274-12-3*0,1,[N-][N]=O
Hypochlorous acid anion,[HOCl]- (g),198.7,47.41873804971319,± 2.5,kcal/mol,52.46059 ± 0.00095,34524-94-2*0,1,[O-]Cl
Ethylidene anion,[CH3CH]- (g),325.7,76.09942638623326,± 1.8,kcal/mol,28.0537 ± 0.0016,35829-99-3*0,1,C[C-]
Cyanic azide,NCNNN (g),502.8,119.12045889101336,± 1.9,kcal/mol,68.03766 ± 0.00085,764-05-6*0,1,N=C-N-N
iso-Proplylide,[CH3CHCH3]- (g),128.8,26.38623326959847,± 1.5,kcal/mol,43.0882 ± 0.0024,25012-80-0*0,1,C[C-]C
"1,2-Hexadien-4-yne",CH2CCHCCCH3 (g),407.5,95.00478011472276,± 1.7,kcal/mol,78.1118 ± 0.0048,34783-10-3*0,1,C=C-C(C)C-C
Diphenylacetylene,C6H5CCC6H5 (g),432.3,97.3470363288719,± 1.2,kcal/mol,178.2292 ± 0.0112,501-65-5*0,1,c1ccccc1C#Cc2ccccc2
1-Hydroxyethanide,[CH3CHOH]- (g),-20.3,-8.054493307839389,± 2.2,kcal/mol,45.0610 ± 0.0017,88032-18-2*0,1,[CH3][C-]O
Chlorodioxidanyl,ClOO (g),100.36,23.72609942638623,± 0.34,kcal/mol,67.4515 ± 0.0011,17376-09-9*0,1,ClOO
Isocyanic fluoride,FNC (g),300.9,72.3470363288719,± 1.8,kcal/mol,45.01584 ± 0.00080,16992-26-0*0,1,FNC
Cyanoamidogen anion,[NCN]- (g),211.91,50.63097514340344,± 0.60,kcal/mol,40.02473 ± 0.00081,189879-95-6*0,1,[N-]=C=N
Difluorovinylidene,CCF2 (g),129.4,31.214149139579348,± 2.2,kcal/mol,62.0182 ± 0.0016,41895-33-4*0,1,CC(F)F
Dioxohydrazine,ONNO (g),172.95,40.91300191204589,± 0.14,kcal/mol,60.01228 ± 0.00062,16824-89-8*0,1,O-N=N-O
"1,2-Diiodoethane",CH2ICH2I (g),87.84,17.490439770554495,± 0.90,kcal/mol,281.8621 ± 0.0016,624-73-7*0,1,ICCI
Peroxynitrous acid,HOONO (g),-5.71,-2.75812619502868,± 0.35,kcal/mol,63.01288 ± 0.00091,14691-52-2*0,1,OOON
Isopropylidene anion,[CH3CCH3]- (g),282.5,64.14913957934989,± 2.0,kcal/mol,42.0803 ± 0.0024,*121408-19-3*0,1,CC(C)C
Isocyanogen iodide,INC (g),341.7,81.71606118546845,± 4.9,kcal/mol,152.92191 ± 0.00080,66004-32-8*0,1,INC
Borane anion,[BH3]- (g),102.1,23.565965583173995,± 1.5,kcal/mol,13.8354 ± 0.0070,34518-80-4*0,1,B
Trioxygen difluoride,FOOOF (g),112.5,25.6453154875717,± 1.1,kcal/mol,85.99501 ± 0.00090,16829-28-0*0,1,FOOOF
Nitrogen atom anion,N- (g),488.3,117.2323135755258,± 2.3,kcal/mol,14.007289 ± 0.000070,17778-87-9*0,1,[N-]
"3,4-Hexadien-1-yne",HCCCHCCHCH3 (g),418.7,97.39483747609944,± 2.6,kcal/mol,78.1118 ± 0.0048,194024-51-6*0,1,C#CC#CC#C
"1,2-Diphenylethane",C6H5CH2CH2C6H5 (g),180.71,33.99378585086042,± 0.76,kcal/mol,182.2610 ± 0.0112,103-29-7*0,1,c1ccccc1CCc2ccccc2
Sulfanylideneoxidaniumthiolate,SOS (g),220.7,52.34225621414914,± 2.0,kcal/mol,80.1314 ± 0.0120,401811-43-6*0,1,SOS
Bromodioxy,BrOO (g),116.7,25.74091778202677,± 3.8,kcal/mol,111.9028 ± 0.0012,67177-47-3*0,1,BrOO
Difluorodiazene,FNNF (g),78.5,17.543021032504782,± 2.1,kcal/mol,66.01029 ± 0.00014,10578-16-2*0,1,FNNF
Propyl nitrite,CH3CH2CH2ONO (g),-94.5,-28.27437858508604,± 1.7,kcal/mol,89.0932 ± 0.0025,543-67-9*0,1,CCCONO
"1,2-Diiodoethene",CHICHI (g),215.18,49.76816443594646,± 0.35,kcal/mol,279.8462 ± 0.0016,20244-70-6*0,1,CI=CI
"1,3-Butadienyl",CH2CHCHCH (g),372.28,86.77342256214149,± 0.87,kcal/mol,53.0825 ± 0.0032,86181-68-2*0,1,C=CCC=C
Hydroxyethenylidene,CCHOH (g),302.1,71.86902485659655,± 2.1,kcal/mol,42.0367 ± 0.0016,70277-80-4*0,1,C(CO)O
Dioxodiazoxane,ONONO (g),93.0,21.080305927342256,± 1.3,kcal/mol,76.01168 ± 0.00091,122413-35-8*0,1,ONONO
Ethenyldioxy,CH2CHOO (g),118.41,26.173518164435947,± 0.99,kcal/mol,59.0440 ± 0.0017,88181-72-0*0,1,C=CCO
Fluoroimidogen,NF (g),232.64,55.60229445506692,± 0.80,kcal/mol,33.005143 ± 0.000070,13967-06-1*0,1,NF
Divinylacetylene,CH2CHCCCHCH2 (g),361.9,83.8432122370937,± 1.9,kcal/mol,78.1118 ± 0.0048,821-08-9*0,1,C=CC(C=CC)C
Propargylallene,CH2CCHCH2CCH (g),431.4,100.40630975143404,± 1.4,kcal/mol,78.1118 ± 0.0048,33142-15-3*0,1,C=CC(C)C#C
"1,2-Difluoroethene",CHFCHF (g),-302.97,-73.86711281070745,± 0.83,kcal/mol,64.0341 ± 0.0016,1691-13-0*0,1,FC=CF
Bromovinylidene,CCHBr (g),471.9,111.3527724665392,± 3.8,kcal/mol,104.9333 ± 0.0019,161957-27-3*0,1,C=CBr
Fluoro(fluorooxy)methylene,FCOF (g),-134.8,-32.50478011472275,± 1.3,kcal/mol,66.00691 ± 0.00085,479587-30-9*0,1,FC(F)F
Chloro(chlorooxy)methylene,ClCOCl (g),73.5,17.662523900573614,± 3.6,kcal/mol,98.9155 ± 0.0020,479587-31-0*0,1,ClC(=O)Cl
2-Iodoethanol,ICH2CH2OH (g),-131.9,-35.87476099426386,± 2.5,kcal/mol,171.9650 ± 0.0017,624-76-0*0,1,ICC(O)O
Sulfur oxide peroxide,OSOO (g),-26.0,-7.217973231357552,± 2.3,kcal/mol,80.0642 ± 0.0061,175799-68-5*0,1,OSOO
Benzylidene,C6H5CH (g),473.0,109.39292543021033,± 1.3,kcal/mol,90.1225 ± 0.0056,3101-08-4*0,1,CC1=CC=CC=C1
